"ID","name","phone number","email","address","company","job"
"ccd2624a-8c45-4f92-bb4d-2d6e16a2b4ee","Ashley Mathis","(722)338-3850x65226","richard833hotmail.com","137 Brandon Roads Lake Kevinbury, SC 81434","Glass PLC","Volunteer coordinator"
"e47b586f-a7df-48da-9bb5-ea8aaf66a51c","Jacob Miller","+1-470-786-4703x30397","andrewspaul1yahoo.com","501 Adams Meadows Apt. 210 East Darylfurt, NH 43009","Smith, Chavez and Henson","Automotive engineer"
"3d087535-c3e2-42ef-a75f-dbb3eb2442b6","Joseph Waters","(803)139-7695x779","michelle264hotmail.com","1870 Nguyen Garden Apt. 609 Melissastad, FL 39065","Walters LLC","Risk manager"
"17831eb7-4899-492c-9c55-5206674f3cf0","George Lucero","453.506.4263","gibsonabigail3yahoo.com","51116 Joel Trace East Judith, IA 22952","Dunlap-Frost","Television floor manager"
"becc5c22-05b5-4009-adf1-57a3e0f8df1e","Larry Wheeler","944.855.1035","gutierrezsusansmith-key.net","78935 David Vista Suite 142 Port Brucechester, IN 38530","Carter-Fuller","Fisheries officer"
"60f67e5b-6305-4cbe-83fa-2d365628d989","Eric Mann","983-576-6542","pyounghotmail.com","113 Kane Drive North Samanthafurt, AR 08850","Bates and Sons","Wellsite geologist"
"9c4e9bd4-939d-4703-bcf0-3da95e471a6d","Kelsey Johnson","001-317-381-6062","derrick00rice-bryant.com","05247 Michael Canyon Suite 581 Reyeshaven, NJ 10500","Medina, Foster and Johnson","Programmer, applications"
"3ff54af9-049a-4537-b1ee-9f4ca2750f92","Jessica Ferrell","349.113.0266x414","saraclarkhotmail.com","8322 Hart Land West Mathew, CO 16779","Rodriguez, Decker and Mcgee","Best boy"
"7ab5be07-8bd9-4922-8ab1-f73bafc36e6c","Brianna Miller","826.772.1468","grimesandrewanderson.biz","330 Jeremy Loaf Suite 229 Shannonfurt, UT 27466","Day, Campos and Murray","Psychologist, counselling"
"7c0f3521-9a3d-4d3d-9091-a6001a7790ee","Christopher Brady","254.266.1672x3008","jeremy07hotmail.com","4247 Vasquez Land Suite 003 Patriciaborough, NE 54654","York Ltd","Licensed conveyancer"
"f936c28f-8575-4881-bf4b-5de6c9885cde","Amy Watson","783.038.1111","michael91blanchard-hoffman.com","313 Henderson Stream Apt. 036 Hunterview, ME 18430","Kirby Inc","Nurse, learning disability"
"5624ccb4-2148-4dbe-b7d6-6754ed63de52","Thomas Elliott","+1-373-229-2747","sbennett4yahoo.com","42645 Buckley Avenue Suite 699 Port Hollyport, AK 77981","Sherman, Clark and Ellis","Commercial horticulturist"
"0d1eeaed-3317-4405-ae84-c1f0cfb66b59","Nancy James","001-330-102-4715x48051","johnsims5hotmail.com","49390 Courtney Glen Suite 497 Williamsfort, LA 13542","Weiss-Donaldson","Mudlogger"
"cd5c82f1-619a-4565-b4b7-cdd5acfa8f6e","Danielle Johnson","199.260.6484","hbrown9yahoo.com","5802 Leonard Summit Apt. 713 Michelletown, PA 73616","Harrison-Ortega","Oncologist"
"9798b416-2f81-41b0-8c9b-76e48c2971bb","Sheena Ruiz","869.617.4728x5279","grahambeth3spears.com","USS Williams FPO AE 44309","Willis-Johns","Chiropractor"
"1d39fe17-02a8-4253-870a-f150d482e36d","Derek Cooper","251-311-3685x5864","bryan578yahoo.com","06060 Susan Parks Suite 485 South Elizabeth, VA 33774","Lopez Ltd","Building surveyor"
"05e9ba86-6e18-45e0-8382-7de1ab07104b","George Klein","(783)216-9692","kayla30gmail.com","839 Blake Springs Suite 274 Williamschester, VA 13456","Henry-Cervantes","Web designer"
"32f87539-c382-4b11-ba63-3638437fdd46","Matthew Smith","913-941-3672x366","cody948gmail.com","773 Miles Points Suite 788 Danielport, VT 45729","Powell Inc","Petroleum engineer"
"e9735ddc-0d94-45c4-9de8-28b422040daa","Alicia Brown","649-733-3971","leahjacobson9gmail.com","23775 Vanessa Ford Apt. 138 Alexborough, MA 35609","Hawkins PLC","Production manager"
"e6e72bf0-0670-4dda-a9e3-5b3d1ce03c31","Joseph Elliott","(042)975-5974x2684","stephenlewisyahoo.com","627 Simon Fort Basstown, CA 38329","Rice-Phelps","Scientist, audiological"
"9dd7c22f-1903-4e4c-9d8d-304b3dfeefd4","Ashley Lopez","115-728-7008x16975","travis466huerta.com","9046 Smith Run Suite 342 East Kelli, SD 92280","Daniels-Johnson","Armed forces operational officer"
"8d11e842-1e32-4681-9233-23679f5ae6e6","Linda Jones","(691)018-8309","ryanhoffmangmail.com","916 Martinez Squares Apt. 267 East Charles, NV 39661","Hernandez and Sons","Ship broker"
"f32e05b7-4136-4285-ade9-3bd64ee3f44e","Amber Cox","001-675-329-3671x5005","fordmichaelthomas-matthews.com","8178 Kenneth Curve Suite 461 Bartonstad, NE 88382","Baker, Martinez and Wilson","Product designer"
"b26a6d5f-acec-4d73-8e3d-36111a03ebf2","Stephanie Young","1191638896","waltersrichardgmail.com","98364 Christopher Viaduct Apt. 593 Connerside, NE 39240","Medina, Johnson and Torres","Chief Strategy Officer"
"91a03a8b-3bcb-4fd0-ad6c-9dc9f701c0d4","Christina Bird","001-260-276-5366","christineewingpalmer.biz","Unit 8373 Box 3280 DPO AE 20583","Hunt Group","Metallurgist"
"039087d7-36f5-4f4c-b4db-c46d628cf589","Christina Tucker","(352)721-1478x0204","john74ponce-jones.com","Unit 4904 Box 6298 DPO AP 15100","Cervantes, Johnson and Key","Solicitor"
"6bbf3a26-c61f-4b07-895d-9876d8ec055f","Timothy Moore","266-217-1664x92826","clarkbrittanyhotmail.com","318 Wayne Walks Davisborough, AR 43638","Baird Ltd","General practice doctor"
"788c1d94-5ec8-468b-ba28-a734fb21bbe9","John Roberts","001-501-924-1903","ichavezyahoo.com","37481 Hoffman Ville Lake Annette, TN 41605","Sullivan Ltd","Therapeutic radiographer"
"e6ee2b1a-c403-4808-8208-600b6e86c204","Susan Reeves","9445165588","rsanchezhotmail.com","4214 Bell Vista Apt. 068 North Brentburgh, OK 66413","Duncan, Johnson and Higgins","Biomedical scientist"
"55f6ada5-bf72-4ecd-9c4a-347f80ab8957","Amanda Moore","620-450-6321","wpatton5gmail.com","Unit 1108 Box 1355 DPO AP 38060","Jackson LLC","Health visitor"
"f951c087-ff9a-40a0-a99e-f7b790e85993","Laura Fisher","(854)538-9976","yphillipsyahoo.com","820 James Light East Eric, AR 20305","Wall LLC","Agricultural engineer"
"dc14183f-85bb-497d-962c-da75c5a83c01","Jennifer Khan","157.790.8942x05173","greenjeffreyyahoo.com","509 Stevens Union Apt. 527 Walkerburgh, ME 29473","Stone-Osborne","Corporate investment banker"
"fc3b5dc3-52f5-4ec4-a0ca-34fca08225bf","Eric Romero","001-112-914-6638x0805","hartmanlaurengordon.com","USNS Wheeler FPO AE 43465","Sullivan LLC","Armed forces logistics/support/administrative officer"
"b5361987-18e5-456f-9443-51b761fea595","Patrick Jordan","+1-456-722-6592x3915","amypoolemendez.org","4366 Chavez Street Suite 415 New Michaelport, NH 04066","Henry-Briggs","Surveyor, land/geomatics"
"0b7318fe-2286-4722-8f98-f134dfb30b54","Danielle Murphy","7334748921","ian99gmail.com","0354 Sloan Fall Suite 323 West Julietown, FL 61473","Wilkins Inc","Agricultural consultant"
